Gene	n_strains	mean_SNPs	max_SNPs
COQ5_1	10	3.300	9
COQ5_2	10	1.500	4
IMPDH	10	3.200	5
accB	10	1.600	4
accD	10	7.600	23
ackA	10	12.300	17
acoA	10	4.300	11
acpP_1	10	1.200	2
acpP_2	10	0.500	1
acpS	10	1.200	8
act___nudF	10	2.700	5
acyP	10	0.800	2
adcR	10	1.200	3
addA	10	12.600	16
adeP	10	4.700	8
adhA	10	4.900	12
adhE	10	21.500	35
adk	10	1.400	4
agaA	10	6.500	12
agaC_1	10	11.600	22
agaC_2	10	1.800	7
agrA	10	3.700	7
ahpC	10	1.400	4
ahpF	10	16.300	24
alaA	10	10.500	33
alaS	10	20.400	37
alsT	10	5.600	12
ansB	10	2.500	5
apbE	10	8.100	58
aphA	10	0.400	1
apt	10	2.900	4
araD	10	15.000	24
araQ_2	10	3.600	11
arcA	10	12.100	17
arcB	10	3.400	9
arcC1	10	13.300	19
argR_1	10	1.000	2
argR_2	10	3.800	6
argR_3	10	0.700	2
argS	10	13.700	24
arlR_1	10	1.800	5
arlR_2	10	2.700	5
aroA_1	10	5.500	7
aroA_2	10	1.600	5
aroB	10	4.900	9
aroC	10	4.700	7
aroD	10	0.600	2
aroE_1	10	1.700	3
aroE_2	10	2.900	4
aroK	10	1.200	3
arsC	10	4.500	6
artM_1	10	0.900	2
artM_2	10	4.300	13
artQ_2	10	0.800	2
asnA	10	4.500	10
asnS_2	10	3.300	6
aspB	10	3.700	6
aspS	10	7.400	18
atoD_1	10	2.300	4
atoE	10	6.100	12
atpA	10	8.000	23
atpB	10	2.400	11
atpC	10	5.600	11
atpD	10	15.900	27
atpE	10	1.300	4
atpF	10	1.300	2
atpG	10	3.700	11
atpH	10	2.400	4
axe16A	10	1.800	6
bcrA_2	10	2.600	5
bepA	10	4.700	10
bfmBAB	10	5.900	9
bglF	10	6.300	11
bglH	10	3.100	8
bglK_1	10	5.100	15
bglK_2	10	10.500	19
birA	10	2.500	5
brnQ	10	29.900	56
btuD_1	10	3.100	5
btuD_3	10	4.100	8
carA	10	1.600	5
carB	10	8.000	13
cca	10	17.100	26
ccpA	10	2.000	4
cdaA	10	2.900	8
cdaR	10	2.700	5
cdd	10	0.800	2
celA_1	10	1.700	3
celA_2	10	0.900	3
chbA	10	1.600	4
cimH	10	13.100	24
cinA	10	7.600	11
clcA	10	3.900	9
clcB	10	6.700	10
clpC_1	10	7.400	11
clpC_2	10	9.200	14
clpE	10	21.000	59
clpP	10	1.600	5
clpX	10	11.400	31
clsA	10	2.500	5
cmk	10	1.900	3
coaA	10	2.700	4
coaBC_1	10	1.700	3
coaBC_2	10	0.900	2
coaD	10	1.800	3
coaE	10	3.300	9
codY	10	2.000	4
cof	10	2.400	5
comA	10	1.400	3
comEA	10	1.100	4
comGA	10	2.700	4
copA	10	33.900	57
copR	10	2.100	5
cshA	10	3.100	10
cshB	10	3.700	7
cspLA	10	1.200	2
ctfB	10	4.200	5
ctsR	10	0.200	1
cysE	10	5.100	42
cysK	10	3.500	6
cysS	10	5.100	9
czcD	10	5.800	11
dacA_1	10	2.600	6
dagK_1	10	1.500	4
dcuR	10	3.600	6
dcuS	10	7.500	18
ddl_2	10	7.000	10
def_1	10	0.800	5
def_2	10	1.000	3
deoB	10	10.700	16
deoC	10	2.400	5
der	10	23.700	32
dgkA	10	1.100	3
dgs	10	0.900	2
dhfR	10	1.000	3
dinG_1	10	12.400	47
divIB	10	5.700	8
divIVA	10	1.400	2
dltA	10	3.100	4
dltC	10	0.100	1
dltD	10	2.300	4
dnaA	10	0.900	2
dnaC	10	4.500	7
dnaD	10	3.500	5
dnaE2	10	14.200	18
dnaG	10	5.800	9
dnaI	10	2.100	4
dnaK	10	15.400	32
dnaN	10	2.900	4
dppC	10	4.700	9
dprA	10	4.100	6
dps	10	1.500	3
dtd	10	1.900	3
dusB	10	12.700	20
dut	10	1.700	3
ecfA1	10	1.500	3
ecfA2	10	1.400	3
ecfT_1	10	4.600	8
ecfT_2	10	0.500	2
ecsA_1	10	6.000	9
ecsA_2	10	0.500	2
efp	10	5.400	42
engB	10	2.900	5
era	10	7.300	35
ettA	10	15.600	36
exoA	10	7.300	16
ezrA	10	3.200	5
fabD	10	2.400	5
fabF	10	4.500	7
fabG	10	2.900	5
fabH	10	3.100	5
fabM	10	4.900	7
fba	10	1.200	2
fbiB	10	3.100	4
femB	10	4.500	7
femX_1	10	8.100	14
femX_1___femX_2	10	9.500	61
feuC	10	5.900	9
ffh	10	20.600	34
fhs1	10	4.900	10
fhuD	10	3.100	5
fmt	10	5.800	30
fni	10	17.700	20
folB	10	2.600	4
folD	10	3.200	6
folE	10	2.300	8
folP	10	3.200	8
fpgS_1	10	12.900	19
fpgS_2	10	7.400	10
frr	10	1.600	3
fruA	10	20.000	54
ftsA	10	2.300	5
ftsE	10	1.700	4
ftsH	10	2.900	5
ftsL	10	0.200	1
ftsW	10	3.700	8
ftsX	10	0.700	2
ftsY	10	14.900	28
ftsZ	10	4.400	8
fus	10	8.500	13
gap	10	1.300	3
gapN	10	5.600	8
gatA	10	27.600	38
gatC_2	10	5.400	9
gdpP	10	3.400	7
ggs	10	1.300	3
gla	10	2.600	3
glcK	10	8.700	15
glcU	10	1.900	5
gldA	10	6.700	11
glgP	10	24.800	42
glmM	10	6.200	10
glnA	10	6.600	10
glnH	10	2.100	4
glnQ_2	10	4.100	8
glnR	10	0.000	0
gloA	10	1.300	2
glpK	10	14.700	52
gltX	10	3.900	5
glyA	10	20.900	33
glyQ	10	10.600	16
gmk	10	1.500	2
gmuD_1	10	3.300	8
gmuE	10	3.900	8
gor	10	11.200	21
gph_1	10	9.400	38
gph_2	10	1.200	2
gpmA_1	10	1.300	3
gpsA	10	1.100	2
gpsB	10	0.400	1
greA	10	1.200	2
groL	10	7.800	12
groS	10	0.400	2
group_1	10	39.700	96
group_100	10	3.700	5
group_1000	10	3.600	6
group_1001	10	5.500	9
group_1002	10	1.700	4
group_1003	10	0.200	1
group_1005	10	5.300	6
group_1008	10	0.900	2
group_1009	10	12.700	21
group_1012	10	2.200	5
group_1013	10	14.100	21
group_1014	10	13.500	28
group_1015	10	0.400	2
group_1016	10	2.100	4
group_1017	10	24.600	28
group_102	10	4.300	8
group_1020	10	13.300	82
group_1024	10	6.300	8
group_1029	10	0.400	1
group_103	10	8.200	12
group_1030	10	1.600	7
group_1031	10	2.100	3
group_1032	10	4.900	7
group_1033	10	2.500	4
group_1034	10	0.800	2
group_1039	10	10.900	16
group_104	10	4.200	6
group_1041	10	8.700	33
group_1043	10	1.300	3
group_1046	10	1.300	3
group_1047	10	6.400	34
group_1048	10	23.400	27
group_105	10	3.300	9
group_1050	10	1.100	3
group_1051	10	2.800	6
group_1052	10	1.400	4
group_1053	10	0.600	2
group_1055	8	1.250	2
group_1056	10	8.900	12
group_106	10	2.200	5
group_1063	10	5.200	39
group_1066	10	0.800	8
group_1069	10	2.900	5
group_1070	10	6.900	9
group_1071	10	4.400	9
group_1076	10	8.000	11
group_1077	10	0.800	2
group_1078	10	23.000	29
group_1079	10	8.000	12
group_108	10	5.400	8
group_1082	10	3.800	5
group_1083	10	1.300	2
group_1085	10	6.600	19
group_1086	10	2.800	12
group_1088	10	1.500	3
group_109	10	6.000	8
group_11	10	8.300	15
group_110	10	4.400	7
group_1100	10	16.400	20
group_1101	10	9.200	30
group_1106	10	9.500	15
group_1108	10	3.100	4
group_1111	10	0.100	1
group_1114	10	2.700	4
group_1117	10	3.000	7
group_1118	10	3.200	7
group_1120	10	1.300	4
group_1124	10	2.900	5
group_1128	10	1.600	4
group_113	10	9.200	13
group_1133	10	1.400	2
group_1134	10	8.100	13
group_114	10	5.100	9
group_115	10	3.600	6
group_1152	10	2.400	4
group_1156	10	2.500	3
group_1165	10	2.000	3
group_1179	10	41.500	57
group_118	10	4.000	6
group_1183	10	15.200	30
group_1195	10	1.600	5
group_12	10	6.700	11
group_1208	10	1.100	3
group_1219	10	2.900	7
group_122	10	3.900	6
group_1225	10	5.500	22
group_1226	10	10.900	58
group_1230	10	3.000	6
group_1244	10	10.800	22
group_125	10	3.400	7
group_1253	10	45.800	60
group_126	10	5.200	10
group_1260	10	14.400	23
group_129	10	6.500	20
group_131	10	4.400	6
group_132	10	10.700	34
group_133	10	10.200	20
group_1338	10	7.500	19
group_134	10	5.500	12
group_1356	10	4.500	7
group_1381	10	8.600	61
group_1385	10	4.200	16
group_139	10	1.100	2
group_14	10	18.600	26
group_140	10	1.800	4
group_146	10	4.900	6
group_15	10	7.600	15
group_150	10	3.700	8
group_151	10	2.900	4
group_156	10	3.000	6
group_160	10	7.100	9
group_164	10	3.300	7
group_165	10	3.300	5
group_167	10	1.100	2
group_170	10	4.200	8
group_171	10	4.800	6
group_174	10	3.200	5
group_175	10	2.100	4
group_176	10	2.400	6
group_178	10	2.800	5
group_180	10	4.300	25
group_182	10	3.800	6
group_184	10	1.800	3
group_185	10	5.100	8
group_186	10	4.000	8
group_187	10	0.400	1
group_188	10	3.400	5
group_190	10	2.800	6
group_191	10	2.400	3
group_193	10	4.700	7
group_194	10	3.500	10
group_197	10	2.300	7
group_200	10	13.600	27
group_201	10	3.000	9
group_204	10	2.600	5
group_205	10	3.600	6
group_206	10	1.800	5
group_207	10	11.700	22
group_209	10	2.900	7
group_211	10	3.000	4
group_215	10	2.500	5
group_217	10	0.900	2
group_219	10	0.900	2
group_222	10	4.800	10
group_225	10	1.800	3
group_226	10	2.000	3
group_227	10	3.700	10
group_228	10	1.000	3
group_230	10	1.100	3
group_231	10	2.200	6
group_233	10	2.100	3
group_234	10	2.300	5
group_235	10	2.500	4
group_240	10	2.000	4
group_241	10	2.700	4
group_243	10	1.800	3
group_244	10	2.000	5
group_248	10	1.600	4
group_25	10	17.900	20
group_250	10	0.700	1
group_253	10	2.200	3
group_256	10	8.900	14
group_257	10	5.200	6
group_258	10	2.000	4
group_260	10	3.500	5
group_261	10	3.400	6
group_265	10	2.900	6
group_266	10	5.700	7
group_269	10	0.700	2
group_27	10	24.300	32
group_271	10	8.700	10
group_272	10	2.000	4
group_273	10	1.800	5
group_277	10	7.800	11
group_28	10	9.200	19
group_282	10	1.900	3
group_286	10	5.300	10
group_294	10	4.500	17
group_296	10	0.700	3
group_297	10	9.300	22
group_3	10	13.700	16
group_301	10	3.900	7
group_304	10	6.600	15
group_305	10	1.000	2
group_307	10	2.200	5
group_314	10	1.600	3
group_315	10	1.600	3
group_32	10	24.900	46
group_322	10	2.200	6
group_323	10	7.800	9
group_324	10	1.300	3
group_325	10	0.700	2
group_326	10	1.600	3
group_327	10	0.500	1
group_329	10	2.300	4
group_330	10	0.900	3
group_334	10	2.400	6
group_335	10	3.000	6
group_338	10	1.600	3
group_339	10	1.400	3
group_34	10	8.600	14
group_344	10	4.700	7
group_345	10	1.600	3
group_346	10	7.400	10
group_348	10	2.400	5
group_35	10	6.100	8
group_350	10	3.300	5
group_351	10	6.900	9
group_352	10	3.200	5
group_353	10	2.300	5
group_354	10	1.300	3
group_358	10	9.400	12
group_36	10	25.100	50
group_360	10	8.300	11
group_361	10	2.300	15
group_367	10	3.500	6
group_368	10	2.700	6
group_376	10	1.600	3
group_377	10	1.100	3
group_378	10	1.200	2
group_38	10	4.500	7
group_383	10	1.700	3
group_384	10	1.400	4
group_385	10	1.200	2
group_387	10	3.000	7
group_391	10	0.600	2
group_392	10	1.300	3
group_395	10	1.200	2
group_398	10	1.300	2
group_399	10	1.600	5
group_40	10	7.600	10
group_400	10	1.100	2
group_404	10	1.600	3
group_405	10	1.300	3
group_406	10	2.700	5
group_416	10	1.800	3
group_419	10	1.100	3
group_42	10	4.600	8
group_420	10	0.800	3
group_424	10	2.100	5
group_426	10	1.500	3
group_429	10	1.100	3
group_430	10	0.000	0
group_433	10	0.900	2
group_436	10	0.900	3
group_438	10	1.200	2
group_439	10	0.800	2
group_440	10	1.500	4
group_441	10	2.700	13
group_443	10	2.000	3
group_445	10	1.100	2
group_446	10	1.700	3
group_451	10	0.900	2
group_452	10	2.500	4
group_455	10	1.300	2
group_458	10	1.400	2
group_459	10	1.700	5
group_46	10	3.400	8
group_461	10	0.300	1
group_463	10	0.500	2
group_47	10	15.300	41
group_470	10	1.600	4
group_476	10	1.800	3
group_479	10	5.200	7
group_48	10	7.700	11
group_483	10	1.900	5
group_489	10	2.100	5
group_49	10	5.600	8
group_490	10	1.800	4
group_494	10	0.300	1
group_495	10	1.500	3
group_499	10	1.600	4
group_511	10	0.300	1
group_52	10	9.400	18
group_531	10	0.600	1
group_534	10	2.300	3
group_535	10	0.400	2
group_536	10	2.700	4
group_546	10	0.600	2
group_547	10	1.200	3
group_553	10	1.600	4
group_554	10	2.600	4
group_56	10	19.500	33
group_563	10	0.500	1
group_564	10	1.500	2
group_567	10	0.700	2
group_569	10	1.300	2
group_570	10	0.600	2
group_575	10	0.300	2
group_59	10	3.900	6
group_593	10	0.400	2
group_594	10	2.800	7
group_598	10	1.200	3
group_6	10	10.000	13
group_601	10	0.800	2
group_602	10	1.600	3
group_606	10	0.800	3
group_608	10	1.100	3
group_61	10	5.700	9
group_616	10	0.600	2
group_625	10	0.400	1
group_626	10	0.900	2
group_627	10	0.400	2
group_628	10	1.500	3
group_629	10	1.400	3
group_63	10	10.600	17
group_635	10	0.900	3
group_64	10	6.000	11
group_649	10	1.900	3
group_651	10	1.000	2
group_652	10	0.200	1
group_656	10	1.900	3
group_657	10	0.900	1
group_66	10	10.300	15
group_662	10	0.100	1
group_663	10	0.400	2
group_665	10	0.000	0
group_67	10	2.400	6
group_677	10	1.100	2
group_678	10	0.400	1
group_679	10	1.800	3
group_68	10	3.300	16
group_680	10	0.600	1
group_689	10	0.800	2
group_690	10	2.600	4
group_695	10	0.300	1
group_696	10	0.800	2
group_698	10	0.500	2
group_70	10	7.000	11
group_704	10	0.400	1
group_721	10	0.300	2
group_725	10	0.400	1
group_726	10	0.500	2
group_737	10	0.500	1
group_742	10	0.300	1
group_744	10	0.000	0
group_745	10	0.400	1
group_748	10	1.900	4
group_75	10	4.200	7
group_755	10	0.300	1
group_756	10	0.500	2
group_757	10	0.000	0
group_758	10	1.800	4
group_76	10	3.500	7
group_775	10	0.400	1
group_78	10	5.400	7
group_780	10	1.000	1
group_788	10	0.100	1
group_792	10	0.000	0
group_8	10	6.400	10
group_800	10	0.600	2
group_815	10	0.300	1
group_82	10	8.200	17
group_822	10	0.200	1
group_825	5	0.000	0
group_829	8	0.375	1
group_830	10	0.000	0
group_836	10	1.300	3
group_84	10	4.300	6
group_85	10	4.200	7
group_857	10	0.700	1
group_864	10	0.800	2
group_87	10	15.800	22
group_873	10	0.200	1
group_876	10	0.100	1
group_879	10	0.300	1
group_88	10	2.800	4
group_881	10	0.300	1
group_890	10	0.000	0
group_891	10	0.100	1
group_899	10	0.000	0
group_9	10	18.100	21
group_90	10	8.500	11
group_902	10	0.200	2
group_911	10	0.000	0
group_918	10	0.000	0
group_93	10	3.100	8
group_931	9	0.000	0
group_94	10	4.200	6
group_959	10	0.700	2
group_96	10	9.800	40
group_960	10	0.600	2
group_997	10	2.000	5
grpE	10	3.000	6
gsiC	10	12.400	14
gtaB_1	10	2.300	7
gtaB_2	10	2.900	5
guaA	10	2.200	5
guaB	10	5.500	9
guaC	10	8.000	17
gyrA	10	5.100	8
hel	10	0.700	2
hemW	10	12.900	23
hflX	10	11.400	17
hisS	10	16.500	28
hit	10	0.700	3
hmo	10	6.600	9
hmpT	10	3.000	4
hpf	10	0.800	2
hprK	10	2.700	4
hpt	10	0.700	2
hrcA	10	3.800	6
hsdR	10	32.900	51
hslO	10	6.900	10
htpX	10	4.700	6
htrA	10	4.100	5
hup	10	0.000	0
hutG	10	7.900	15
hutI	10	8.100	12
ilvE	10	2.700	6
infB	10	14.700	81
infC	10	0.000	0
iscS_1	10	3.400	5
iscS_2	10	1.100	3
iscU	10	0.800	2
isdF	10	5.200	8
ispE___ispE_2	8	2.625	4
kdgA	10	1.300	3
kduD	10	16.600	19
ktrA	10	6.900	25
ktrB	10	4.600	7
lacA_2	10	2.000	5
lacC_1	10	3.900	6
lacD1	10	1.900	4
lacD2	10	9.100	22
lacF_2	10	1.200	2
lacR_2	10	5.700	27
lacR_3	10	5.400	10
lacZ	10	19.400	25
larR	10	2.400	6
ldh1	10	3.100	13
lemA	10	0.300	1
leuS	10	34.900	53
levE	10	4.200	5
lgt	10	1.900	5
licA	10	2.500	5
licR_1	10	5.500	9
licT	10	1.800	4
ligA	10	5.100	7
lipL	10	3.000	8
lnrL_1	10	5.400	20
lnrL_2	10	1.000	2
lnrN	10	2.900	5
lolD	10	1.800	6
lplA	10	4.200	5
lplJ	10	4.700	12
lspA	10	2.600	4
ltaS1	10	7.100	14
luxS	10	0.400	1
lysS	10	5.600	13
lytG	10	2.300	5
malR	10	1.700	4
malX_1	10	2.900	5
manA	10	2.500	5
manX_2	10	1.100	3
manZ_2	10	7.700	15
manZ_3	10	0.800	3
map	10	2.300	4
mapZ	10	9.600	31
mat	10	2.700	6
mecA	10	1.100	5
menH	10	1.500	4
metK	10	3.900	6
metN	10	8.500	13
metP	10	2.000	5
metQ	10	1.700	3
mfd	10	27.900	64
mgsR	10	3.400	7
mhqR	10	1.600	3
miaA	10	8.700	47
misCA	10	4.200	7
mltF_1	10	7.700	10
mltF_2	10	4.600	9
mltG	10	5.100	6
mnmA	10	3.500	6
mnmE	10	15.200	34
mnmG	10	14.200	32
mntB	10	3.000	5
mntR	10	6.100	11
mraY	10	19.100	49
mrnC	10	3.100	18
msrAB	10	15.900	26
msrB	10	5.200	13
msrC	10	2.900	5
mtcA1	10	3.200	5
mtgA_1	10	9.300	13
mtgA_2	10	8.700	11
mtnN	10	2.100	6
mtsA	10	2.400	5
murA1_1	10	11.000	20
murA1_2	10	3.200	6
murB	10	2.000	6
murC	10	2.200	4
murD	10	4.500	8
murE	10	7.400	12
murG	10	2.000	5
murI	10	2.900	4
mutL	10	22.500	30
mutM	10	3.200	7
mutS	10	21.400	54
mutS2	10	22.000	35
mutX	10	0.900	1
mutY	10	4.900	7
mvaA	10	3.600	7
mvaS	10	5.800	7
nadC	10	1.000	3
nadD	10	3.800	11
nadK	10	2.200	4
nadR	10	1.500	4
nagR_2	10	0.000	0
naiP	10	5.800	12
nanA	10	10.200	15
nanE	10	5.500	19
neuA	10	4.100	6
niaX	10	0.900	2
nikE	10	3.600	7
npr	10	4.900	8
nrdD_1	10	0.300	1
nrdD_2	10	3.000	6
nrdE	10	14.900	22
nrdE2	10	12.500	25
nrdF	10	7.300	12
nrdF_2	10	6.300	10
nrdI	10	2.500	4
nrdR	10	1.400	2
nrnA	10	4.000	5
ntcA	10	3.000	6
nth	10	2.700	5
ntpA	10	5.800	8
ntpB	10	3.100	7
ntpC	10	4.200	7
ntpD	10	4.500	6
ntpG	10	0.900	2
ntpK	10	1.400	3
nupX	10	3.900	6
nusA	10	5.100	7
nusB	10	1.300	2
nusG	10	0.800	2
obg	10	15.300	25
oppC	10	1.700	3
oppD_1	10	2.000	3
oppD_2	10	6.600	9
oppF	10	4.400	9
opuAA	10	2.300	5
opuCA	10	4.400	8
paaJ	10	5.600	23
pabA	10	7.700	14
panT	10	1.600	5
parC	10	20.900	30
parE	10	31.900	53
pbpX	10	5.500	10
pchR	10	12.300	13
pcp	10	1.000	2
pcrA	10	8.900	22
pdhC	10	6.200	14
pdxK	10	4.300	6
pepA	10	7.100	11
pepC	10	6.400	10
pepD	10	19.900	30
pepF1_1	10	28.500	40
pepN	10	6.400	10
pepO	10	18.500	78
pepQ	10	6.400	12
pepT	10	3.800	5
pepX	10	6.100	10
perR	10	1.200	2
pfkA	10	2.500	4
pflA	10	3.800	11
pflB	10	15.100	18
pgcA_1	10	6.100	10
pgcA_2	10	5.300	7
pgdA	10	3.400	7
pgi	10	17.100	44
pgsA	10	2.800	4
pgtP	10	12.100	16
pheT	10	23.500	34
phoU	10	0.400	2
plsC	10	4.400	8
plsX	10	0.900	3
plsY	10	0.400	1
pncB2	10	17.900	20
polA	10	15.800	43
polC	10	57.200	83
ponA	10	4.800	10
potA_1	10	3.500	5
potA_2	10	4.200	6
potB	10	6.200	10
potD	10	7.300	44
ppaC	10	1.600	5
ppc	10	13.300	21
ppm1	10	1.400	4
prfA	10	6.500	12
prfB	10	4.700	7
prfC	10	6.100	13
priA	10	20.200	30
prmC	10	2.300	4
proC	10	3.900	5
proS	10	13.100	30
prs	10	2.600	5
prs2	10	1.900	5
prsA_1	10	1.300	4
prsA_2	10	10.400	17
pstB3_1	10	2.500	4
pstB3_2	10	1.600	3
pstS1	10	2.600	6
pta	10	15.200	33
pth	10	0.700	2
ptsH	10	0.000	0
ptsI	10	7.800	15
pucK	10	9.700	25
purA	10	15.400	22
purB	10	17.700	31
purF	10	8.000	23
purN	10	3.700	5
purR_1	10	0.600	1
pyk	10	6.000	12
pyrB	10	6.300	53
pyrC	10	3.000	9
pyrDA	10	6.500	15
pyrE	10	1.100	2
pyrF	10	1.900	3
pyrG	10	4.300	9
pyrH	10	1.000	3
pyrP	10	11.800	30
pyrR	10	4.900	27
qmcA	10	2.700	4
queH	10	6.800	10
queT	10	4.000	6
radA	10	11.300	23
rapA	10	10.500	15
rasP	10	2.700	4
rbfA	10	1.800	9
rbsR_2	10	3.500	5
rcsC_2	10	8.200	11
recA	10	3.300	5
recD2	10	24.700	106
recF	10	4.100	6
recG	10	9.500	14
recN	10	12.200	27
recO	10	1.100	2
recR	10	0.900	3
recU	10	3.400	10
regX3	10	1.600	4
relA	10	22.600	76
resA	10	4.300	10
rex	10	1.400	2
rexB	10	13.700	20
rfbA	10	7.400	10
rfbC	10	0.900	3
ribF	10	3.800	6
ribU	10	2.700	5
ribZ	10	7.100	10
rimP	10	1.700	4
rlmCD	10	7.200	11
rlmI	10	1.300	3
rlmL	10	19.300	38
rlmN	10	2.500	5
rluB	10	4.500	7
rluD_1	10	3.700	13
rluD_2	10	2.500	4
rmlB	10	10.100	28
rnc	10	1.100	2
rnhC	10	1.100	3
rnj1	10	4.700	8
rnj2	10	5.500	9
rnpA	10	0.600	3
rnr	10	28.800	40
rny	10	3.400	7
rnz	10	4.500	6
rpe	10	4.600	11
rpiA	10	4.100	7
rpiR	10	1.900	5
rplA	10	2.100	8
rplB	10	1.900	4
rplC	10	0.800	2
rplD	10	0.500	2
rplE	10	0.500	2
rplF	10	1.100	2
rplGA	10	0.200	1
rplI	10	1.200	3
rplJ	10	0.700	2
rplK	10	0.500	1
rplL	10	0.300	1
rplM	10	1.700	3
rplN	10	0.100	1
rplO	10	0.200	1
rplP	10	0.000	0
rplQ	10	0.100	1
rplR	10	0.000	0
rplS	10	0.400	2
rplT	10	2.100	4
rplU	10	0.300	1
rplV	10	0.100	1
rplW	10	0.300	1
rplX	10	0.300	1
rpmA	10	0.300	1
rpmB	10	1.100	2
rpmD	10	0.100	1
rpmE2	10	0.800	3
rpmF	10	0.500	4
rpmG3	10	0.400	1
rpmGA	10	0.800	6
rpmH	10	0.000	0
rpmI	10	0.100	1
rpmJ	10	0.000	0
rpoA	10	1.600	4
rpoC	10	25.300	36
rpoE	10	0.400	2
rpoZ	10	0.200	1
rppH	10	1.500	5
rpsA	10	1.600	4
rpsB	10	3.100	5
rpsC	10	1.100	2
rpsD	10	0.900	3
rpsE	10	0.100	1
rpsF	10	0.200	1
rpsG	10	3.000	5
rpsH	10	0.200	1
rpsI	10	1.400	3
rpsJ	10	0.100	1
rpsK	10	0.200	1
rpsL	10	1.700	5
rpsM	10	0.200	1
rpsN2	10	0.000	0
rpsO	10	4.400	6
rpsP	10	0.200	1
rpsQ	10	0.500	2
rpsR	10	0.300	1
rpsS	10	0.700	2
rpsT	10	0.000	0
rpsU	10	0.000	0
rqcH	10	13.500	27
rsfS	10	2.800	5
rsmA	10	7.500	11
rsmB	10	41.900	51
rsmC	10	3.800	12
rsmD	10	0.500	2
rsmF	10	4.200	6
rsmG	10	3.800	9
rsmH	10	3.800	6
rsmI	10	5.200	8
rsuA_1	10	4.900	7
rutB	10	1.500	3
salA	10	0.600	1
sarA	10	6.400	13
sasA_2	10	4.400	6
sasA_3	10	2.800	4
scaC	10	1.700	3
scpA_1	10	2.700	6
scpB	10	1.500	5
scrB	10	9.400	31
sdhA	10	1.500	4
sdhB	10	1.300	2
secA	10	11.500	24
secG	10	0.000	0
sepF	10	2.200	4
serP1	10	3.500	5
serS	10	9.700	17
sigA	10	7.400	24
slo	10	12.900	18
smc_1	10	10.600	20
smc_2	10	15.000	26
smpB	10	3.700	6
sodA	10	2.300	11
sorA	10	2.100	4
sorC	10	5.100	8
speB_1	10	1.200	4
speB_2	10	1.600	3
sph	10	15.000	43
spo0C	10	2.000	5
spsB_2	10	0.800	2
spxA_1	10	0.800	2
spxA_2	10	1.000	2
srlR	10	6.700	27
ssb_1	10	2.400	7
ssb_2	10	2.000	11
sstT	10	3.000	5
sthA	10	13.200	25
stkP	10	4.900	7
strA	10	1.900	3
sufS	10	3.300	5
suhB	10	2.500	5
tag	10	8.600	10
tagG	10	1.300	4
tagO	10	7.300	55
tagU	10	4.900	8
tagU_2	10	5.600	13
tal_1	10	2.600	4
tal_2	10	3.900	7
tcyA_1	10	2.400	4
tcyN	10	1.900	4
tdk	10	1.600	3
tgnB	10	1.500	4
tgt	10	1.700	5
thiI	10	4.800	12
thiN	10	7.000	21
thiO	10	10.700	21
thlA_1	10	2.600	4
thrS	10	7.700	12
thyA	10	2.800	5
tig	10	2.200	4
tilS	10	6.600	20
tkt	10	14.000	40
tlyA	10	5.000	10
tmcAL	10	3.600	8
tmk	10	2.200	3
tmpC_1	10	3.900	5
tmpC_2	10	3.500	5
tpiA	10	1.600	4
treA	10	13.100	19
treR	10	2.200	11
trmB	10	1.500	4
trmK	10	2.200	4
trmL	10	1.100	3
trmR	10	34.700	40
truA	10	1.900	3
truB	10	4.000	11
trxA	10	0.500	1
trxB	10	10.300	15
tsaB	10	4.400	6
tsaD	10	2.500	5
tsaE	10	1.000	2
tsf	10	2.500	3
typA	10	6.800	9
tyrS	10	7.100	22
udk	10	0.900	2
udp	10	1.400	3
ugd	10	3.000	5
ulaA_1	10	11.500	22
ulaB	10	1.200	2
ulaC	10	3.700	12
ulaD	10	6.500	13
ulaE	10	2.700	7
ulaG	10	2.100	5
ung	10	5.300	14
upp	10	2.700	6
uppP	10	2.300	8
uppS	10	2.100	4
uvrA	10	28.300	76
uvrB_2	10	3.900	7
uvrC	10	9.200	31
walK	10	5.300	7
walR	10	1.600	3
whiA	10	4.600	7
xerS	10	6.300	9
xpt	10	1.600	3
xseA	10	2.500	6
xseB	10	0.100	1
xylG	10	2.700	3
xylH	10	0.000	0
yaaA	10	5.200	23
yabA	10	0.700	3
yabJ	10	1.000	3
ybeY	10	0.600	1
ybeZ	10	3.900	7
ybhL	10	1.600	4
ybiT_2	10	4.500	6
ybjI	10	2.300	3
yccU	10	3.900	5
ychF	10	4.900	7
ycjP	10	0.900	3
yckB	10	6.500	8
ydcV	10	0.800	2
yeeN	10	2.400	5
yeeO	10	7.400	11
yfcJ	10	8.400	10
yfeW	10	6.400	9
yfiZ	10	2.900	5
yfkJ	10	0.800	3
yfmL	10	5.700	7
yggS	10	1.700	5
yhaM	10	5.700	10
yhbY	10	0.200	1
yhgF	10	7.500	10
yhjX	10	1.700	4
yibN	10	5.100	8
yidA_1	10	3.500	7
yidA_2	10	1.300	3
yidC2	10	5.000	6
yitU	10	3.600	8
yjbK	10	3.200	5
yjbM	10	2.300	3
yknX_1	10	4.200	6
yknX_2	10	10.000	15
yknY_1	10	1.900	3
yknY_2	10	4.700	7
yknZ_1	10	2.600	5
yknZ_2	10	4.700	9
ykoD	10	5.400	7
ykuT	10	2.000	3
ylbL	10	1.800	3
ypdF	10	14.100	35
yqgQ	10	0.400	1
yrrK	10	0.800	2
yteP	10	9.600	18
ytpP	10	20.000	23
yugI	10	0.800	4
yumC	10	2.900	5
yusV	10	0.800	1
yutF	10	6.000	13
yvcJ	10	2.400	3
yvgN	10	2.600	4
ywlC	10	2.500	4
yxeN	10	3.900	11
yycJ	10	3.000	24
znuA	10	5.500	8
znuB	10	1.200	4
znuC	10	2.600	4
zosA	10	16.200	61
